Name,观影人数,Priority,种类,Seriousness,状态,Brief Desc,Out,完成日期,评级,短评
【连载中】电锯人part 2,和他人,❗️❗️,漫画,Fun,In-Progress,https://www.colamanga.com/manga-nh31287/,Yes,,,S2-70
【连载中】Dan Da Dan超自然武装噹哒噹,和他人,❗️❗️,漫画,Fun,In-Progress,https://www.kanbook.net/comic/31161,Yes,,,
【连载中】Blue Giant Momentum,自己,❗️❗️❗️,漫画,Fun,In-Progress,"https://bigcomics.jp/series/d65521c8caf23
https://m.manhuagui.com/comic/49200/",Yes,,,5p
Lazarus,和他人,❗️❗️❗️,动画,Serious,Unstarted,2024年,No,,,
吊带袜天使NEW,和他人,❗️❗️❗️,动画,Fun,Unstarted,,No,,,
爱死机s4,和他人,❗️❗️❗️,电视剧,Mild,Unstarted,,No,,,
攻壳机动队-科学猴-og,,❗️❗️❗️,动画,Mild,Unstarted,2026,No,,,
Arcane Season2,,❗️❗️❗️,动画,Mild,Unstarted,2024年11月,No,,,
A Real Pain,,❗️❗️❗️,电影,Fun,Unstarted,"October 18, 2024 Jesse Eisenberg, Kieran Culkin",No,,,
Severance Season 2,,❗️❗️❗️,电视剧,Mild,Unstarted,Early 2025,No,,,
Dan Da Dan超自然武装噹哒噹,,❗️❗️,动画,Fun,Unstarted,2024年10月,No,,,
四叠半神话大系,,❗️❗️❗️,动画,Mild,Unstarted,,Yes,,,
https://zh.wikipedia.org/wiki/%E5%88%A5%E5%B0%8D%E6%98%A0%E5%83%8F%E7%A0%94%E5%87%BA%E6%89%8B%EF%BC%81,,❗️❗️❗️,电影,Fun,Unstarted,,Yes,,,
混凝土革命 超人幻想,,❗️❗️,动画,Fun,Unstarted,,Yes,,,
NHK15个动画短片,,❗️❗️,动画,Fun,Unstarted,,Yes,,,
THE BEAST,,❗️❗️,电影,Serious,Unstarted,,Yes,,,
INSIDE,,❗️❗️,电影,Serious,Unstarted,,Yes,,,
DECISION TO LEAVE,,❗️❗️,电影,Serious,Unstarted,,Yes,,,
The Nest,,❗️❗️,电影,Serious,Unstarted,,Yes,,,
https://zh.wikipedia.org/zh-hans/%E5%8D%97%E5%B1%B1%E7%9A%84%E9%83%A8%E9%95%B7%E5%80%91,,❗️❗️,电影,Serious,Unstarted,,Yes,,,
意外的幸运签,,❗️❗️,电影,Mild,Unstarted,,Yes,,,
Billionaire Boys Club,,❗️❗️,电影,Fun,Unstarted,,Yes,,,
听到涛声,,❗️❗️,电影,Fun,Unstarted,,Yes,,,
回转企鹅罐 剧场版,,❗️❗️,电影,Fun,Unstarted,,Yes,,,
高达seed freedom,,❗️❗️,电影,Fun,Unstarted,2024年1月26日,Yes,,,
地球防卫少年,,❗️❗️,漫画,Mild,Unstarted,,Yes,,,
月光旅程,,❗️❗️,漫画,Mild,Unstarted,,Yes,,,
灵异E接触,,❗️❗️,漫画,Mild,Unstarted,https://www.manhuagui.com/comic/6637/,Yes,,,
探戈,,❗️,动画,Mild,Unstarted,,Yes,,,
FLAG,,❗️,动画,Mild,Unstarted,,Yes,,,
危险调查员,,❗️,动画,Mild,Unstarted,浦泽直树,Yes,,,
THE BIG-O,,❗️,动画,Mild,Unstarted,,Yes,,,
黑之契约者,,❗️,动画,Mild,Unstarted,感觉是慢热型超能剧,Yes,,,
黑客帝国动画版,,❗️,动画,Mild,Unstarted,,Yes,,,
蓝雨伞,,❗️,动画,Fun,Unstarted,,Yes,,,
永久家族,,❗️,动画,Fun,Unstarted,,Yes,,,
超自然9人组,,❗️,动画,Fun,Unstarted,,Yes,,,
https://zh.wikipedia.org/zh-hans/FREEDOM-PROJECT,,❗️,动画,Fun,Unstarted,大友克洋,Yes,,,
人生Best Ten,,❗️,动画,Fun,Unstarted,,Yes,,,
欢迎加入NHK,,❗️,动画,Fun,Unstarted,比较疯的剧,Yes,,,
Turn A Gundam 机动战士高达∀,,❗️,动画,Fun,Unstarted,,Yes,,,https://www.bilibili.com/video/BV12s411o7Lr/
浪客剑心,,❗️,动画,Fun,Unstarted,,Yes,,,
人间失格 剧场版,,❗️,电影,Serious,Unstarted,,Yes,,,
原始星球,,❗️,电影,Serious,Unstarted,,Yes,,,
平衡,,❗️,电影,Serious,Unstarted,,Yes,,,
故事中的故事,,❗️,电影,Serious,Unstarted,讲述了战争、孤独的小狼和冬天吃着苹果的婴儿的故事,Yes,,,
玛丽和马克思,,❗️,电影,Serious,Unstarted,,Yes,,,
没有宇宙我们无法生存,,❗️,电影,Mild,Unstarted,,Yes,,,
国王与小鸟,,❗️,电影,Mild,Unstarted,根据安徒生的童话《牧羊女与扫烟囱的人》改编,Yes,,,
疯狂约会美丽都,,❗️,电影,Mild,Unstarted,,Yes,,,
天才嘉年华2 Genius Party Beyond,,❗️,电影,Fun,Unstarted,明星制作人短片,Yes,,,https://www.bilibili.com/video/BV11W411T739/
最终幻想15 王者之剑,,❗️,电影,Fun,Unstarted,,Yes,,,
花与爱丽丝杀人事件,,❗️,电影,Fun,Unstarted,,Yes,,,
大坏狐狸的故事,,❗️,电影,Fun,Unstarted,,Yes,,,
鹬,,❗️,电影,Fun,Unstarted,,Yes,,,
凯尔经的秘密,,❗️,电影,Fun,Unstarted,,Yes,,,
蝙蝠侠 黑暗骑士归来（动画电影）,,❗️,电影,Fun,Unstarted,,Yes,,,
Elf,,❗️,电影,Fun,Unstarted,Will Ferrell 圣诞喜剧,Yes,,,
生存游戏,自己,❗️,漫画,Fun,Completed,,Yes,"July 5, 2024",3 及格,大逃杀类经典鼻祖，刺激程度不错。但角色有塑造但没成长，结尾部分太多tell没有show，并且最终感觉烂尾了
THE KILLER,和他人,❗️❗️❗️,电影,Serious,Completed,,Yes,"July 3, 2024",3.5 挺新的,从“杀手日常”的角度切入有全新体验。视听不错。节奏好。故事线比较平常，最后the client和epilogue缺反转或者升华。应该有办法更好的表达“日常性”
BLAME!端末遗构都市,自己,❗️❗️,动画,Mild,Completed,,Yes,"July 3, 2024",3.5 挺新的,画面加分。目的就是让人更想了解blame世界观，本身电影没啥
The Usual Suspects,和他人,❗️❗️❗️,电影,Mild,Completed,,Yes,"July 1, 2024",3.5 挺新的,反转还是可以的，剩下的老电影了一般
The Guilty,和他人,❗️❗️❗️,电影,Serious,Completed,911电话,Yes,"June 30, 2024",3 及格,烂番茄评价中肯：keep you engaged but nothing more
机动警察 和平保卫战,自己,❗️❗️❗️,动画电影,Mild,Completed,https://www.google.com.hk/search?newwindow=1&sca_esv=582ec9845e97149d&q=%E6%8A%BC%E4%BA%95%E5%AE%88&si=AKbGX_oBDfquzodaRrfbb9img4kPQ4fCBZjeqAiaW1svvC8uXpmZ8s8wJjrhpTIFOCyoyaqsz2jlYZ2eMY-nnwU6P7jrkHQ2yeccPM17Tu0lJ9EkfSulU5AifcDS_plqU6g42S3f4vLxK7Xo2e1ofjmEY2q2P8Z2IRWvUS2Xfk7mgxRolbcQgynwPSymsliUkKCXlcRku_wS&sa=X&ved=2ahUKEwiMwrD4zcaFAxVR6ckDHRSaBaAQmxMoAHoECBwQAg,Yes,"June 28, 2024",4 佳作,更纪实的机甲，机械感细节作画一流，台词和立意有深度，剧情比较温润中规中矩
海马,自己,❗️❗️❗️,动画,Mild,Completed,,Yes,"June 27, 2024",5 值得再看一遍,美式可爱童话画风（大加分，很喜欢像阿童木那圆滚滚的人设），但所表达的主旨确很深刻。画面张力太强，创造力十足。即使之前看多很多以记忆为主题的作品，但该作的【表现形式】仍然很特殊。故事前面单元剧，后面主线，都值得再次仔细推敲深意，能够将情感传达到我。
k-pax,和他人,❗️❗️,电影,Serious,Completed,,Yes,"June 24, 2024",3 及格,有些巧思的无聊电影
兽爪,自己,❗️❗️❗️,动画,Fun,Completed,https://www.iyf.tv/search/%E6%B1%A4%E6%B5%85%E6%94%BF%E6%98%8E?type=director,Yes,"June 24, 2024",5 值得再看一遍,非常成熟的作品，兽爪即人的野性立意明确，有情爱描绘但不色加分，水墨简单线条画面和爵士音乐带来的情绪渲染很足。小缺点：剧情节奏前慢后快有些反差。初评4.5还没有完全“爽到”，最后能给5考虑到很久没有看到过比较独特的动漫了。
Horrible Bosses,自己,❗️❗️❗️,电影,Fun,Completed,,Yes,"June 24, 2024",2 难以下咽,笑点很低的美国低成本喜剧，冲着cast来的
人狼,自己,❗️❗️❗️,动画电影,Serious,Completed,押井守,Yes,"June 22, 2024",4 佳作,有意思的小红帽寓言的现代理解，作画非常好，虽说有些压抑但是完全能看得进去。可以参考这篇的评论，注意是评论。https://www.gcores.com/articles/135398
21 决胜21点,自己,❗️❗️,电影,Fun,Completed,,Yes,"June 21, 2024",3 及格,不是那么爽的爽片，浮夸设定
不吉波普不笑,自己,❗️❗️❗️,动画,Serious,Completed,MADHOUSE,Yes,"June 20, 2024",4.5 差一点神作,一种认真的中二。“世界系”。哲学系台词超高浓度，叙事非主流复杂，需要相当认真去理解人物、台词的背后逻辑。不吉波普很酷。稍微有点血腥恐怖但是完全能接受，感觉唯一唯一缺少的是“爽点”，整篇有种looming的压抑感。观后攻略可完全参考：https://www.gcores.com/articles/105687
坂本龙一：终章,和他人,❗️❗️,纪录,Serious,Completed,,Yes,"June 16, 2024",3.5 挺新的,给我看睡着了，有点丧
天使之卵,自己,❗️❗️❗️,动画,Serious,Completed,押井守 x 天野喜孝,Yes,"June 14, 2024",2 难以下咽,根据让我看下去的原理评价，即使是天才之间的合作也难以给出高分。节奏异常缓慢，云里雾里，也许算有风格，
太空丹迪Space Dandy,自己,❗️❗️❗️,动画,Fun,Completed, https://www.google.com.hk/search?newwindow=1&sca_esv=582ec9845e97149d&q=%E6%B8%A1%E8%BE%B9%E4%BF%A1%E4%B8%80%E9%83%8E&si=AKbGX_oBDfquzodaRrfbb9img4kPQ4fCBZjeqAiaW1svvC8uXvgZ6gJvRHFoeZvVI5_TjUnzNA_sdYRy4zxauJiWQDf4O_coUdcniIiPjHxlcY85bDhwUbsJeeOQRSg90THkr7-JKi5LJe3VXnzvLcm-W5jVRCdbosUMUAgYLQW91xp0ZENzGBQGflyJImPXE995xbVy4-2xdk0pA5Gn4PNtVkQPu0R-oDRNXF8iJn7_RWdDz4kzS1AV1gV9tOXyEt0Hhrc3C6HTURme-MFSs5UPfSYap35-CA%3D%3D&sa=X&ved=2ahUKEwjB15nqzsaFAxUv78kDHXgOBRgQmxMoAHoECBgQAg、 https://www.google.com.hk/search?newwindow=1&sca_esv=582ec9845e97149d&q=%E6%B1%A4%E6%B5%85%E6%94%BF%E6%98%8E&si=AKbGX_oBDfquzodaRrfbb9img4kPQ4fCBZjeqAiaW1svvC8uXj02I46EyAS9UyNRbhDYqsBiuOuX7JUfd1Dspz1NeAwGarAxwQvMNTlF0maJ7kNtfkTg2JkCGbWabIlsmD3WLqKl5e9fEWg-siRDOxZ-aqa3O8Uf40-vA_TmdO6y0DJIvXkx2ClO3MTafSnNoaJLYFnhws7GGDLekyZNwzKhvOXIBZsE4CglPNVpcu1D70DG0oPspfsmw-Vs8BZgblxfK4Xc_LtnPsoBf3UuZxvlGPlxYrd-qg%3D%3D&sa=X&ved=2ahUKEwjB15nqzsaFAxUv78kDHXgOBRgQmxMoAXoECBgQAw、 https://www.google.com.hk/search?newwindow=1&sca_esv=582ec9845e97149d&q=%E4%B8%8A%E9%87%8E%E8%B2%B4%E7%BE%8E%E5%AD%90&si=AKbGX_rNw0aV2xaMSajixiwS9lmNu5OlNFGzE_NenPRGAlzGMycKBK4KjkJeLUkDkCdzrrGBYNWJKbYXQbc7ltGvm5wwqloq_d54SdVc_e4kIXfPmPVYqGgpKP001oesl7tCOGUbemwKQhFvZKbplFT9bOtxB72T_U0rgNHR2P9XXrGkBdHFHgeX9Noqc54bAsy7apoQMA6NFf1oSVX52H83OtW_xC3c-lTSFPoqI3NENRslr9ZCZp892rVgzJoeh2FEr9t1SelUrU4_yV7IV6DD4_n56Z17Yw%3D%3D&sa=X&ved=2ahUKEwjB15nqzsaFAxUv78kDHXgOBRgQmxMoAnoECBgQBA、 https://www.google.com.hk/search?newwindow=1&sca_esv=582ec9845e97149d&q=%E4%BF%A1%E6%9C%AC%E6%95%AC%E5%AD%90&si=AKbGX_oBDfquzodaRrfbb9img4kPQ4fCBZjeqAiaW1svvC8uXvi-v1qgfCc6nbI1Zjza5S3LdzGTwyT6s2Yuj2bh7VEe8JkcazJevAQp22OPN-zg_tMq7YwM8p9BEsGAiCFJwR8hflWvu77JbMzuWcyF0YiNW3Lhnz2v1fsUsSIgmhtWIflXuuRV8wKaX0AHFy4OLPZfdf77pd2SPXDL9LhoHWPmB75iGM4gNPawZOJeMWRg6aKYSh6Px-NluVGmY1OdNQraY0vkTmp4NETTBLtYLxnVh4hOEg%3D%3D&sa=X&ved=2ahUKEwjB15nqzsaFAxUv78kDHXgOBRgQmxMoA3oECBgQBQ、 https://www.google.com.hk/search?newwindow=1&sca_esv=582ec9845e97149d&q=%E4%BD%90%E8%97%A4%E5%A4%A7&si=AKbGX_qWtsfHufXsq_1jeDkJp50FstNngDxsch3EVTUjn7imcElxBS4Vqbf7ffBu6dDcXV9U-6gkcUfh0oUoEAqGEFxOEjQIsTC9GRY_n30JoLiEYgcEu3hZqiYUnur3qX_BWtEsEmQ-lq0-eOuhi_CGvHlC0UkdZb5DeMOJV2LJloStfIkzy0UqayBA4VBZBxcprDfU6RXKpqZKG5MMsggmm7c1Ss8UOejbUk1L_1nZBm2As28xKn6dzEFqWqVzB_n1YZUaJJXz&sa=X&ved=2ahUKEwjB15nqzsaFAxUv78kDHXgOBRgQmxMoBHoECBgQBg、 https://www.google.com.hk/search?newwindow=1&sca_esv=582ec9845e97149d&q=%E5%A4%A7%E6%B2%B3%E5%85%A7%E4%B8%80%E6%A8%93&si=AKbGX_qWtsfHufXsq_1jeDkJp50FstNngDxsch3EVTUjn7imcLSzy2WeZa9iZZY1Vl1w9ktq_JCXvG0yoSBlpq1_PkrYYeUCCmoze2xIzIz6yMrWDxEvpJ1_8W-E8nB_8XmBkL6lNED1ynvcMC8pwKjt-W1qArhsoDY5CQcE_WBYo_GAkcGUuqgqbqi2FubfLkwu4YA6sPL2TLfw2qfeh7LzjXS_pueL58vI8lr4Yt04n5th31hzU3vS8hNUpYhtiDh5JpaO9Lqu-XdOFpMDPFHQ9bvfGRBaHQ%3D%3D&sa=X&ved=2ahUKEwjB15nqzsaFAxUv78kDHXgOBRgQmxMoBXoECBgQBw、 https://www.google.com.hk/search?newwindow=1&sca_esv=582ec9845e97149d&q=%E5%9C%86%E5%9F%8E%E5%A1%94&si=AKbGX_qWtsfHufXsq_1jeDkJp50FstNngDxsch3EVTUjn7imcN3-vEjRNB3nE49GRCcI09aZNbaqAeKxkKVGJqKen5qhsNrWhaGrEoadjzydbqNk2D_A5zoeA4zv0-29qbyEc4JsiHAnU4chHa7hZVFHYuHVcui-k9UYrz0kFrSrQWTyufQG4z5TEIWfs4MkvU8ZiJPEO9M8Sfxfu9ObDTFXpgZFoVwXVC6y9PlkZGaD-od25TCwYcjAI4fxNVXL5rvjfIxKwhuE&sa=X&ved=2ahUKEwjB15nqzsaFAxUv78kDHXgOBRgQmxMoBnoECBgQCA、 https://www.google.com.hk/search?newwindow=1&sca_esv=582ec9845e97149d&q=%E6%A3%AE%E8%BF%85%E5%8F%B2&si=AKbGX_pnFHLW0z18RpwJWHoyBN34Ku9ame71Q74PJLu_7lM88oZsyZfT1obgfTMIKpeRHj21c31cz-gJqhqbY4tKDeUVyXDZYCTmYgp8n9qurVG8onkzYHOu_qc128RWwkMNcwUnvVslrlXetoAZeCMV5WQ40E79GPxV8X7qCDP3m9v83SXs3Z38--KuY7ugy8O3B7inYmJ7SdJoJiksBX650QRq6yqJDQPmGuDCJkYPoTMWJLJ7u2sXk9uY8aFHceE_cTPBdw4zUQ9FZYzCknGpEtG23Hna0A%3D%3D&sa=X&ved=2ahUKEwjB15nqzsaFAxUv78kDHXgOBRgQmxMoB3oECBgQCQ,Yes,"June 12, 2024",4 佳作,light hearted单元剧，一种纯粹的创意的解放，不过确实少了个主线
Macross Plus,自己,❗️❗️,动画,Mild,Completed,,Yes,"June 12, 2024",4 佳作,经典作品，歌曲、人设等要素合成的很融洽，机械战斗画面和人物美学表现力是有的，但是不太符合我的口味，相对于高达来说更成人
国家宝藏,和他人,❗️,电影,Fun,Completed,,Yes,"May 25, 2024",3.5 挺新的,经典寻宝篇
银翼杀手：2022大断电,自己,❗️❗️❗️,动画电影,Fun,Completed,https://www.google.com.hk/search?newwindow=1&sca_esv=582ec9845e97149d&q=%E6%B8%A1%E8%BE%B9%E4%BF%A1%E4%B8%80%E9%83%8E&si=AKbGX_oBDfquzodaRrfbb9img4kPQ4fCBZjeqAiaW1svvC8uXvgZ6gJvRHFoeZvVI5_TjUkkxzaunSRXyIHMzQS6opYSZWXrpMySxWkMkxCc0p9TTmOHiO_ssKPDSuqmJ_V-dSUWWQ1j89w1u-L4qkWueiREdu-9vZzTr1LbHuaYAeJPJJuWzPLBD0VYkktM_ZtKbz11JO4hQNC4cUK4Vnmaz62oXCGnkw%3D%3D&sa=X&ved=2ahUKEwie1ej_zcaFAxV96ckDHRv7AR4QmxMoAHoECBkQAg,Yes,"May 25, 2024",3.5 挺新的,没有天堂和地狱，所以我们才在这里奋斗
Martian Express火星特快,和他人,❗️❗️,动画电影,Fun,Completed,,Yes,"May 14, 2024",3.5 挺新的,没有超越之前所看的科幻类作品的设定，法国电影，具体画面实现还行
Severance人生切割术 Season 1,和他人,❗️❗️❗️,电视剧,Mild,Completed,,Yes,"May 13, 2024",5 值得再看一遍,手术设定、悬疑剧情、干净画风都很好！期待第二季。细节https://movie.douban.com/review/14319036/
哥斯拉-1.0,和他人,❗️,电影,Mild,Completed,,Yes,"May 2, 2024",3 及格,一般！
老人Z,自己,❗️❗️❗️,动画电影,Mild,Completed,大友克洋,Yes,"April 30, 2024",3.5 挺新的,很强的阿基拉既视感，所探讨的老人+机器融合问题也很深刻，整体还是喜剧多一点。
跳,自己,❗️,动画,Mild,Completed,,Yes,"April 28, 2024",3 及格,手冢治虫早期短片作品，看个新鲜
言叶之庭第5刷,自己,❗️❗️❗️,动画,Mild,Completed,,Yes,"April 22, 2024",5 值得再看一遍,花了1周跟着分镜画集过了一遍，初步了解了动画制作的一些小细节。最后竟然看哭了（有泪水的那种），实在是感人至深的作品
天才嘉年华 Genius Party,和他人,❗️❗️❗️,动画电影,Fun,Completed,明星制作人短片,Yes,"April 20, 2024",3.5 挺新的,上海大龙、汤浅政明、渡边的都不错。整体偏艺术https://www.bilibili.com/video/BV11W411T739/
苍之茧,自己,❗️❗️❗️,动画,Serious,Completed,吉浦康裕,Yes,"April 16, 2024",2 难以下咽,太晕了，设定还算不错，但是如果看完一个片需要去看评论才能理解的话我觉得还是太生涩了
乐高蝙蝠侠大电影,自己,❗️❗️❗️,动画电影,Fun,Completed,,Yes,"April 14, 2024",3 及格,没毛病的爆米花电影，很轻松
Basic Instinct,和他人,❗️❗️,电影,Mild,Completed,,Yes,"April 13, 2024",4 佳作,影史经典换腿画面。扑朔迷离的情色片，好多种解读仿佛没有统一答案。
东京罪恶第二季,自己,❗️❗️❗️,电视剧,Mild,Completed,,Yes,"April 6, 2024",4 佳作,不温不火的结尾，还是挺drama的
你想活出怎样的人生,自己,❗️❗️❗️,动画电影,Mild,Completed,,Yes,"April 3, 2024",4 佳作,云里雾里，超出期待
三体Netflix,和他人,❗️❗️❗️,电视剧,Mild,Completed,2024-3-21,Yes,"March 24, 2024",3 及格,"Very mediocre, came for the visuals and settings"
功夫熊猫4,和他人,❗️❗️,电影,Fun,Completed,相当无聊,Yes,"March 22, 2024",3 及格,
功夫熊猫2,和他人,❗️❗️,电影,Fun,Completed,,Yes,"March 18, 2024",3.5 挺新的,一般，反派令人印象深刻
功夫熊猫,和他人,❗️❗️,动画电影,Fun,Completed,,Yes,"March 16, 2024",5 值得再看一遍,经典，nb
Dune Part 2,自己,❗️❗️❗️,电影,Serious,Completed,2024 年 3 月 1 日,Yes,"March 16, 2024",3.5 挺新的,参考收藏的机核评论
Hideo Kojima: Connecting Worlds,和他人,❗️❗️❗️,纪录,Mild,Completed,,Yes,"February 26, 2024",3.5 挺新的,小岛nb
碟中谍7 part 1,自己,❗️❗️❗️,电影,Fun,Completed,,Yes,"February 26, 2024",3 及格,一般的动作片
爱在黎明破晓前,和他人,❗️❗️❗️,电影,Mild,Completed,,Yes,"February 25, 2024",3 及格,感觉跟女朋友看应该还不错，挺浪漫
宇宙探索编辑部,和他人,❗️❗️❗️,电影,Fun,Completed,,Yes,"February 25, 2024",4 佳作,喜欢伪纪录片的拍摄手法，音乐不错，反转不错但最后升华不好
流浪地球2,自己,❗️❗️❗️,电影,Mild,Completed,,Yes,"February 24, 2024",4 佳作,科幻设定满分，具有启发性。但情节结构怪异，让人脱离电影本身构建的世界。
Killer of the flower moon,和他人,❗️❗️❗️,电影,Serious,Completed,2024 年 10 月 20 日,Yes,"February 20, 2024",3 及格,没有吸引人的要素，节奏很慢，看后没有感触
无栖之肤,和他人,❗️❗️❗️,电影,Mild,Completed,,Yes,"February 18, 2024",3.5 挺新的,可以接受的变性复仇题材，主角很不错
Survivors Reign,自己,❗️❗️❗️,动画,Mild,Completed,,Yes,"January 31, 2024",4 佳作,富有想象力的外太空世界
乒乓,自己,❗️❗️,动画,Fun,Completed,,Yes,"January 25, 2024",4 佳作,分镜神级
La La Land,自己,❗️❗️,电影,Mild,Completed,,Yes,"January 22, 2024",5 值得再看一遍,应该是3刷了，这一遍的体会确实不一样。感觉这次更focus在冲突的地方（drama），想要理清一个逻辑，发现还是可以做到的。音乐顶级。要说唯一的违和感，是说感觉整个世界确实不是很真实，有个滤镜的虚构感，a little bit TOO theatrical（both加减分项）
John Mulaney: Baby J,自己,❗️❗️,纪录,Fun,Completed,,Yes,"January 21, 2024",3.5 挺新的,还是很有个人风格的，一个recovery故事讲的很好笑，不错。
Succession S6,自己,❗️❗️❗️,电视剧,Mild,Completed,,Yes,"January 20, 2024",5 值得再看一遍,真的有意思，喜欢纪录片视角的真实感，结局反莎士比亚式悲剧真的不错，很多old money细节值得探索。一次全新的体验。可以再通过logan视角看一次。
Beef,自己,❗️❗️,电视剧,Mild,Completed,,Yes,"January 13, 2024",3.5 挺新的,前两集还是很新颖、吸引人你的。但后面的writing感觉有点拉跨，最后一集算是给拉回来升华了。故事所探讨的主题也有意思：asian culture、阶级差异。
宝可梦礼宾部,自己,❗️❗️❗️,动画,Fun,Completed,2023年12月28 netflix,Yes,"January 1, 2024",4 佳作,治愈！！！！
Dave Chapelle: The Dreamer,自己,❗️❗️❗️,纪录,Fun,Completed,,Yes,"January 1, 2024",3.5 挺新的,不错，感觉是之前成熟节奏之后的回春，回到最初的那个dave。
Ricky Gervais: Armageddon,自己,❗️❗️❗️,纪录,Fun,Completed,,Yes,"December 30, 2023",4 佳作,british comedy。一开始觉得很慢热，但后半场开始渐入佳境。很多之前没体验到过的笑点，探讨的问题也深入，comedy艺术形式也很丰富。
Trevor Noah: Where I was,自己,❗️❗️,纪录,Mild,Completed,,Yes,"December 30, 2023",3.5 挺新的,还可以，利益一般，表演比较niche
Leaving the world behind,自己,❗️,电影,Mild,Completed,,Yes,"December 30, 2023",3 及格,"conspiracy theory doing work! "
人间失格,自己,❗️❗️❗️,书,Serious,Completed,,Yes,"December 17, 2023",3.5 挺新的,没有我想象中的压抑，不完全太宰治的文学。书里最后译者的文章总结的很好。
Lex Fridman Ep. 405 w/ Jeff Bezos,自己,❗️❗️❗️,播客,Serious,Completed,https://www.youtube.com/watch?v=DcWqzZ3I2cY&t=5714s&ab_channel=LexFridman,Yes,"December 16, 2023",4 佳作,Jeff Bezos还是挺诚恳的，思考的层面很大，能够激发想象。
The Devil Wears Prada,自己,❗️❗️,电影,Fun,Completed,,Yes,"December 15, 2023",5 值得再看一遍,"感觉确实是经典。节奏挺轻松的。merryl streep, anne hathaway, emily blunt都是顶级。”chose to get ahead”。”everyone wants to be us”。太真实了。结局有点率真，但也是挺清风的。"
如何听爵士,自己,❗️❗️,书,Serious,Completed,,Yes,"December 15, 2023",5 值得再看一遍,打开爵士欣赏的工具箱，书中多个例子值得去学习
Joker,和他人,❗️,电影,Mild,Completed,,Yes,"December 11, 2023",3 及格,出了飙演技外没啥看点感觉…节奏也不是很喜欢
花束般的恋爱,自己,❗️,电影,Mild,Completed,,Yes,"December 10, 2023",2 难以下咽,感觉这个关系的balance的点乏味。
名侦探柯南 黑铁的鱼影,和他人,❗️❗️,动画,Fun,Completed,11月29日BD,Yes,"December 5, 2023",3.5 挺新的,粉丝福利向，纯主线看的还ok
冥王PLUTO,和他人,❗️❗️❗️,动画,Fun,Completed,2023 年 10 月 26 日,Yes,"December 4, 2023",4 佳作,故事内容很新颖且真实，一个机器人和人共存的社会的问题。production顶级，有一些艺术场景还是画的很好的。但节奏较慢，原漫画画风一般。
拿破仑,和他人,❗️,电影,Mild,Completed,,Yes,"December 2, 2023",1 直接退出,真的好无聊
午夜巴塞罗那,自己,❗️❗️,电影,Mild,Completed,,Yes,"November 25, 2023",3 及格,感觉不是很有意思…
BLUE GIANT 蓝巨星,自己,❗️❗️❗️,电影,Fun,Completed,https://xiaobaotv.net/index.php/vod/play/id/47455/sid/1/nid/1.html,Yes,"November 24, 2023",,
Introduction to LLMs,自己,❗️❗️,实用,Serious,Completed,https://www.youtube.com/watch?v=zjkBMFhNj_g&ab_channel=AndrejKarpathy,Yes,"November 23, 2023",4 佳作,
Matt Rife: Natural Selection,自己,❗️❗️,纪录,Fun,Completed,,Yes,"November 17, 2023",3.5 挺新的,能理解为什么他是女性向comedian，演出比较多。前半段笑点拉的挺满，后面有点哑火。及格的netflix special。
Lex Fridman Ep. 400 w/ Elon Musk Round 4,自己,❗️❗️❗️,播客,Serious,Completed,https://www.youtube.com/watch?v=JN3KPFbWCy8&t=6606s&ab_channel=LexFridman,Yes,"November 14, 2023",3.5 挺新的,还是挺轻松的
Loki Season 2,自己,❗️❗️,电视剧,Fun,Completed,,Yes,"November 14, 2023",3.5 挺新的,大爱征服者康的演员Jonathan Majors。特效没得说，喜欢TVA的80年代室内装修风格。剧情能让人在高潮爽到，但是前面铺垫有点过于平淡（我知道不能一直high，但是真的是太细碎过家家了，一些打斗、追逐、无意义的角色motivation）。这种漫威剧情爽片，纯娱乐，给不了高分，但是心意比神盾局那种又高了一个层次，所以3.5。
FRANK MILLER'S SIN CITY,自己,❗️❗️❗️,漫画,Mild,Completed,,Yes,"November 7, 2023",4 佳作,超有风格的crime noir短片，整体vibe有感觉，比较浪漫诗意
ZETMAN,自己,❗️❗️,漫画,Mild,Completed,,Yes,"November 7, 2023",4 佳作,作画顶级。一个有意思的英雄故事，还算是个漫威那一套有区别。有点像蝙蝠侠。感觉人物立体感有点弱吧，成长倒是有。所探讨的内容也没有特别的深。
"crazy, stupid, love",自己,❗️❗️❗️,电影,Fun,Completed,,Yes,"November 3, 2023",3 及格,一个群英荟萃的平淡romcom，感觉是配乐问题？emma stone青涩出演。唯一可圈可点的是高潮的那段戏剧表演，效果拉满。
Gantz杀戮都市,自己,❗️❗️❗️,漫画,Mild,Completed,,Yes,"November 2, 2023",4 佳作,科幻设定不错。高开低走。纯是作者爽文的感觉，血腥+恶心+裸体。娱乐效果不错，不值得细品。知乎评价都很中肯https://www.zhihu.com/question/21337055
恶之华,自己,❗️❗️❗️,漫画,Serious,Completed,,Yes,"October 29, 2023",4 佳作,guilty pleasure，一个平常漫画师不会探索的领域。HE得结尾很自然，不突兀。
亲爱的我饱含杀意,自己,❗️❗️❗️,漫画,Mild,Completed,,Yes,"October 26, 2023",4 佳作,4.5级别。偏写实画风加分，作画没有崩consistency加分。悬疑扣人心弦，不过感觉处于连载？反转多，惊喜连连！坏处是性质感觉有些章节感，不过整体故事还算连贯。近几年来看的好漫画！
杀戮轮回,自己,❗️❗️❗️,漫画,Mild,Completed,,Yes,"October 25, 2023",3.5 挺新的,明日边缘的爹。设定加分。感觉结尾有些潦草，可以再神展开一下，不过2本结尾短小精炼也能接受。
混沌武士,自己,❗️❗️❗️,动画,Serious,Completed,,Yes,"October 18, 2023",4.5 差一点神作,应该是4.5这个级别。优点：公路片+穿插主线的设计不错。整体剧情调性偏慢，不是那种dopamine rush，而是一种温润的感觉。传统·江户时代武士+现代hiphop元素anachronistic blending独一无二。缺点：主旨有两点：1、找向日葵味的武士→search for purpose， 寻找的过程→seeking sense of belonging，understanding one’s past2、旅行的终结→转瞬即逝的人生旅途和关系。感觉哲学层面没有很严肃、深入的探讨，也可以说是点到为止。人物比较stereotype。https://movie.douban.com/review/1051826/
新西尼亚的骑士 第一季,和他人,❗️❗️,动画,Mild,Completed,,Yes,"October 6, 2023",3.5 挺新的,感觉设定挺不错，就是人物剧情有点简单，比较二次元不立体。外加很恶心所以-.5
The Wonderful Story of Henry Sugar,和他人,❗️❗️❗️,电影,Fun,Completed,,Yes,"October 1, 2023",3 及格,本来是想给及格分的，但是艺术风格其实不是我喜欢的，所以应该是2.5.。核心是故事+叙事手法的双重叙事。还是很新颖的
失物招领，奥斯卡2011最佳动画短片,和他人,❗️,动画,Fun,Completed,,Yes,"September 29, 2023",1 直接退出,不知道在干嘛
barbie,和他人,❗️❗️❗️,电影,Mild,Completed,,Yes,"September 28, 2023",4 佳作,"thought-provoking but crazy good asethetics might diminishes the effect? too many going on first have, shove it down your throat feeling，可以再看一遍去找细节"
Blue Giant + Supreme + Explorer,自己,❗️❗️❗️,漫画,Mild,Completed,,Yes,"September 28, 2023",5 值得再看一遍,还没有完结但是已经是神作了。电影宣传时的”有声音的漫画“真的牛，那种音乐人给观众的冲击力能通过无声的形式传达出来。Dai Miyamoto的冒险+精神也很受人启发。重燃爵士之火！
Now You See Me 2,和他人,❗️❗️,电影,Fun,Completed,,Yes,"September 17, 2023",4 佳作,有经典片段
Now You See Me,和他人,❗️❗️,电影,Fun,Completed,,Yes,"September 16, 2023",4 佳作,魔术shell的heist电影，喜欢Jesse Eisenberg
WALL·E,和他人,❗️,电影,Fun,Completed,,Yes,"September 16, 2023",4 佳作,真的很可爱，适合儿童看
Dunkirk,和他人,❗️❗️,电影,Serious,Completed,,Yes,"September 13, 2023",4 佳作,令人看得的战争片，配乐没问题。年轻演员🙂
名侦探柯南：万圣节的新娘,和他人,❗️,电影,Fun,Completed,,Yes,"September 13, 2023",3 及格,动作多了好多…
Oppenheimer,和他人,❗️❗️❗️,电影,Serious,Completed,2023 年 7 月 21 日,Yes,"September 12, 2023",5 值得再看一遍,喜欢短片段、双线交错的叙事手法（tiktok brain+信息量丰富的感觉），音乐震撼。立体的奥本海默（理论、情感、政治道德、哲学），历史细节要素过多值得深究。imax不错，要再看一遍
2001：A Space Odyssey,和他人,❗️❗️,电影,Serious,Completed,,Yes,"September 10, 2023",4 佳作,复古科幻画面怀旧美学拉满、意识流结尾值得深思
名侦探柯南：绯色的弹丸,自己,❗️❗️,电影,Fun,Completed,,Yes,"September 10, 2023",3 及格,超级轻松的足球停火车，子弹追超导列车
https://zh.wikipedia.org/wiki/%E8%A8%80%E8%91%89%E4%B9%8B%E5%BA%AD,和他人,❗️❗️❗️,动画,Fun,Completed,,Yes,"September 9, 2023",5 值得再看一遍,作画精致，真的很纯情
铃芽之旅2刷,和他人,❗️❗️❗️,电影,Fun,Completed,,Yes,"September 5, 2023",4 佳作,公路片的感觉，东京大地震背景+个人trauma治愈的立意很不错，画面精致、震撼，情感线莫名其妙
天气之子,和他人,❗️❗️,电影,Fun,Completed,,Yes,"September 4, 2023",3.5 挺新的,优秀的商业动画作品，不过感觉多元素的融合处理的不到位：1、男孩儿成长负责，勇气喜欢2、超能力等，元素过多
The Green Mile,和他人,❗️❗️❗️,电影,Mild,Completed,,Yes,"September 2, 2023",3.5 挺新的,对临终关怀有感触，主要是没看懂，对黑人那个角色无理解/比较有意思的现实魔幻类电影
月升王国,和他人,❗️❗️❗️,电影,Fun,Completed,,Yes,"September 2, 2023",3.5 挺新的,可爱的诙谐故事
你的名字,和他人,❗️❗️❗️,电影,Fun,Completed,,Yes,"September 2, 2023",5 值得再看一遍,经典中的经典，三刷更关注剧情本身结构和细节，很值得推敲
Coco,和他人,❗️❗️❗️,电影,Fun,Completed,,Yes,"September 2, 2023",5 值得再看一遍,真的在结尾唱歌的时候泫然泪下，真的很感动。remember me经典歌曲。动画制作到位，墨西哥文化高度契合，立意（家庭与梦想、死亡与记忆）深刻
The Two Popes,和他人,❗️❗️❗️,电影,Mild,Completed,,Yes,"August 30, 2023",3.5 挺新的,教宗入门理解电影，传达了一种宗教博爱的普世精神，老戏骨
Nope,和他人,❗️❗️,电影,Serious,Completed,,Yes,"August 29, 2023",3.5 挺新的,https://movie.douban.com/review/14572907/这个豆瓣影评不错。spectacle的概念。很新颖的电影
Soul,和他人,❗️❗️,电影,Mild,Completed,,Yes,"August 28, 2023",5 值得再看一遍,还是牛的
The Thirteenth Floor异次元骇客,和他人,❗️❗️❗️,电影,Mild,Completed,,Yes,"August 27, 2023",3 及格,合格的科幻片，前半段还可以，后半段就猜透了。道德上有些缺陷：这不是女主把他丈夫骗进去后给杀了？
The Lives of Others (Das Leben der Anderen),和他人,❗️❗️,电影,Serious,Completed,"In 1984 East Berlin, an agent of the secret police, conducting surveillance on a writer and his lover, finds himself becoming increasingly absorbed by their lives.",Yes,"August 27, 2023",4 佳作,东西德历史背景题材ok的，有意思的剧情片
指环王1-3,和他人,❗️❗️❗️,电影,Mild,Completed,,Yes,"August 26, 2023",5 值得再看一遍,完美的中世纪“史诗”巨作，有4h*3部=12小时的篇幅加持，细节繁多，值得慢慢品味
Elemental疯狂元素城,和他人,❗️,电影,Fun,Completed,故事讲述一座由风、土、水、火居民构成的城市里，火热的女子小炎与随波逐流的男子水弟相遇，开始探索他们之间的共通点https://zh.wikipedia.org/zh-hans/%E5%85%83%E7%B4%A0%E6%96%B9%E5%9F%8E%E5%B8%82#cite_note-4,Yes,"August 20, 2023",3 及格,"predictable plot, under-explored elemental theme, overall easy movie to enjoy"
柯南剧场版：绀青之拳,自己,❗️,电影,Fun,Completed,首次将案件发生地设立在海外，基德时隔四年后再度回归，与柯南合体展开行动。故事围绕着19世纪末与海盗船一同沉入海底、世界上最大的蓝宝石绀青之拳展开,Yes,"August 10, 2023",2 难以下咽,柯南现在就是超现实的娱乐片，纯娱乐其实还行
华尔街之狼,自己,❗️❗️,电影,Fun,Completed,,Yes,"August 6, 2023",5 值得再看一遍,经典中的经典，少了对华尔街的幻想，多了一种疯癫。最后两个镜头理解：fbi agent的选择，和大众听的入迷。martin scorsese的理解。迪卡普里奥演的好啊。
https://xiaobaotv.net/index.php/vod/detail/id/17738.html,自己,❗️,电影,Serious,Completed,2008年经济危机爆发时，华尔街一家投资银行的分析师皮特·苏利文（扎克瑞·昆图 Zachary Quinto 饰）发现公司的财产评估有着巨大的漏洞，即将导致银行的破产。公司高层连夜开会希望挽救公司。,Yes,"August 5, 2023",4 佳作,平淡但真实
背靠背，脸对脸,自己,❗️,电影,Serious,Completed,双立（牛振华 饰）是某地文化馆的代馆长，这个馆长一代就是好几年，想升也升不上去，却也没有其他变动。不料一天…,Yes,"August 1, 2023",3 及格,主角的手法令人恶心，时时刻刻想到的是“中国男人就是给别人当狗”。就是我能看到很多人物性格缺陷，然后那些缺陷是我不想要的。以一个“体验过去生活的窗户”的视角看是不错的电影（主要还是看的少）。
革命之路,自己,❗️❗️❗️,电影,Serious,Completed,,Yes,"June 30, 2023",5 值得再看一遍,"a god tier movie, superb acting from both because I feel its so difficult to capture those emotions. Middle class strikes again. We dreamers must dream ALWAYS."
驯龙高手,自己,❗️❗️❗️,动画,,Completed,,Yes,"June 25, 2023",3 及格,一个迪士尼动画片，nothing more
钢琴家,自己,❗️❗️❗️,电影,,Completed,,Yes,"June 25, 2023",4 佳作,还是挺真实的二战片，能感受到犹太人的艰辛
大都会,和他人,❗️❗️❗️,动画,,Completed,"a great interpretation of the original film Metropolis, kudos to art style by 大友克洋",Yes,"June 24, 2023",4 佳作,经典日本动画电影
Ford vs Ferrari,自己,❗️❗️❗️,电影,,Completed,American car designer Carroll Shelby and driver Ken Miles battle corporate interference and the laws of physics to build a revolutionary race car for Ford in order to defeat Ferrari at the 24 Hours of Le Mans in 1966.,Yes,"June 24, 2023",3 及格,"opens me up to the world of racing (daytona 24), the concept of need for speed and why people fight for it (to be the fastest man on earth). the movie retro setting feels fake."
Klaus,自己,❗️❗️❗️,电影,,Completed,"A simple act of kindness always sparks another, even in a frozen, faraway place. When Smeerensburg's new postman, Jesper, befriends toymaker Klaus, their gifts melt an age-old feud and deliver a sleigh full of holiday traditions.",Yes,"June 24, 2023",3 及格,3.5级别，还是挺heartwarming的，剧情简单
American beauty,自己,❗️❗️❗️,电影,,Completed,A sexually frustrated suburban father has a mid-life crisis after becoming infatuated with his daughter's best friend.,Yes,"June 22, 2023",4 佳作,"很独特的电影，themes：Suburban Discontent, Freedom and Self-Awakening, Beauty in the Ordinary, Appearance vs. Reality, Homosexuality"
Body of Lies,自己,❗️❗️❗️,电影,,Completed,,Yes,"June 22, 2023",3 及格,a moderately accurate description of the modern warfare in the middle east captured by leo
Spiderman: Across the Spiderverse,自己,❗️❗️❗️,电影,Fun,Completed,,Yes,"June 19, 2023",5 值得再看一遍,有风格的动画仍在继续，adreline rush
J Edgar （Hoover转）,自己,❗️❗️,电影,,Completed,,Yes,"June 6, 2023",3 及格,应该是3.5这个级别的。又是一次美国政治的写照。FBI的一段历史。decaprio很好的演绎了一个男人的报复与细腻的情感
Death of a salesman（1983北京文艺）,自己,❗️❗️❗️,戏剧,Serious,Completed,,Yes,"June 5, 2023",5 值得再看一遍,真实的直击心脏，一种中产阶级的困境。感觉我爸就是willy，我是biff。我可能真的从来没有认清自己。我记下来的是最初biff说的话：“我一向是坚持不虚度一生，可是一回来我就懂了，我所做的一切，都是虚度一生”。初体验话剧，这种形式真的很“lively”，一种不同于剪辑电影，这是的活生生的acting。返完全值得多刷，多跟朋友交流。from b站资源
Charlie and the Chocolate Factory,自己,❗️❗️,电影,,Completed,,Yes,"June 4, 2023",4 佳作,应该属于4.5，就是那种值得细品的。culture classic。整篇充满着荒诞的氛围，supported by Johnny Depp的表演。我最看重的是这种framework，他能把一个factory tour变得很entertaining（whimsy，adventure，moral lessons传输了一种“family first”“家庭教育很重要”的价值观）。可以看到children’s fantasy这个genre是需要充满想象力的。
Bill Burr: Live at Red Rocks,自己,❗️,纪录,,Completed,,Yes,"May 15, 2023",2 难以下咽,"Bill Burr not funny anymore. Cader to a conservative audience in Boulder, Colorado. A middle-aged white man issue is not funny ."
Vice,自己,❗️❗️,电影,Mild,Completed,,Yes,"May 7, 2023",5 值得再看一遍,"wow what a fucking movie. christian bale strikes again. kudos for amy adams and steve carellel. its in-depth, deeply rooted in the culture. it tells you about US politics. its dramatic. it has absurd comedy that almost ridicules at everything, touchs on so many topics. (inside politics, decision making on war and morals, a personal journey of sigma male success story). makes me like the “power creep”, makes me want to find a partner that shares same value and goal."
Bablyon,自己,❗️❗️❗️,电影,,Completed,,Yes,"May 6, 2023",3 及格,a fragmented piece of work that spans 3 hours with a distorted montage at the end. solid casts can not save its mediocre storyline. It sure did capture a glimpse of “craziness” but failed to tie everything altogether. The music is on point.
空中杀手The Sky Crawlers,和他人,❗️❗️,动画,Serious,Completed,,Yes,"April 5, 2023",5 值得再看一遍,强烈的攻壳味道，有着押井守独特的、强烈的哲学世界观，慢热型电影，剧情给力
铃芽之旅,自己,❗️❗️❗️,电影,,Completed,,Yes,"March 30, 2023",4 佳作,应该在4.5这个级别，没毛病的电影，老是想和你名去比
爆裂鼓手Whiplash,自己,❗️❗️❗️,电影,Mild,Completed,,Yes,"March 27, 2023",5 值得再看一遍,"振奋人心的电影，低落的时候看会给自己力量。几个theme：pursuit of excellence, teaching, 爵士的魅力"
高达 水星的魔女 第一季,和他人,❗️❗️❗️,动画,,Completed,,Yes,"February 14, 2023",4 佳作,前期校园生活很迷，后面还是熟悉的大河内
链锯人 第一季,和他人,❗️❗️❗️,动画,,Completed,,Yes,"January 14, 2023",4 佳作,没毛病的漫改，血腥热血
Good Will Hunting,和他人,❗️❗️❗️,电影,Serious,Completed,,Yes,"December 28, 2022",5 值得再看一遍,熟悉的波士顿、哈佛，对人类关系理解到位，成长过程表述丝滑
Glass Onion,自己,❗️❗️❗️,电影,,Completed,,Yes,"December 28, 2022",3 及格,看明星去的，一般的流行推理爽片
逃学威龙,自己,❗️❗️,电影,,Completed,,Yes,"December 27, 2022",3 及格,周星驰的电影，还行
Spirited,自己,❗️❗️,电影,,Completed,,Yes,"December 25, 2022",4 佳作,"a modern take on Charles Dickens’ Christmas Carol, 有意思的，很有christmas气氛。有一些元素可以深挖，很有启发性。will farrell和ryan rynold DOES NOT DISAPPOINT。偶然碰到的精品电影"
阿姆斯特丹,自己,❗️❗️❗️,电影,,Completed,,Yes,"December 24, 2022",3 及格,挺有风格的电影，可能看起来节奏奇奇怪怪的或者断断续续的，不过带入进去后也是一种体验。唯一加分点是全明星阵容。
新哥斯拉,自己,❗️❗️❗️,电影,,Completed,,Yes,"December 23, 2022",4 佳作,有意思的哥斯拉，想让我去了解日本的政府
新奥特曼,和他人,❗️❗️,电影,,Completed,,Yes,"December 11, 2022",3 及格,有意思的奥特曼
Ryuichi Sakamoto: Coda,自己,❗️❗️❗️,纪录,Serious,Completed,,Yes,"December 11, 2022",5 值得再看一遍,展现了坂本龙一的精神，能使人静下来并且思考音乐、死亡等主题
伊夫圣罗兰,自己,❗️,电影,,Completed,,Yes,"December 5, 2022",3 及格,小文艺片，时装历史的一部分。YSL和Dior值得去了解历史
散户大战华尔街：gamestop传奇,自己,❗️❗️❗️,纪录,,Completed,,Yes,"November 30, 2022",3 及格,平庸的纪录片
悲惨世界 Les Misérables (2012),自己,❗️❗️,电影,,Completed,,Yes,"November 28, 2022",3 及格,OK的音乐剧，歌曲没啥问题
星球大战 trigger,和他人,❗️❗️❗️,动画,,Completed,,Yes,"October 9, 2022",3 及格,很一般
American Psycho,自己,❗️❗️❗️,电影,Mild,Completed,,Yes,"October 9, 2022",5 值得再看一遍,非常好看的电影，节奏紧凑，探讨社会内容有深度，值得多看
Entergalatic爱跃星空,自己,❗️❗️❗️,电影,,Completed,,Yes,"October 8, 2022",3 及格,优点：美国优质动画，纽约黑人文化特色充足。缺点：没有什么深入的点、帧数低（特色？）
The Hitman’s Bodyguard,自己,❗️,电影,,Completed,,Yes,"October 8, 2022",3 及格,及格的喜剧电影，看明星去的
Me Time,自己,❗️,电影,,Completed,,Yes,"October 6, 2022",1 直接退出,无脑美国喜剧
Bullet Train,自己,❗️❗️❗️,电影,,Completed,,Yes,"October 5, 2022",4 佳作,成龙风格的喜剧+打斗，优秀的商业片
雷神 爱与雷霆,自己,❗️❗️❗️,电影,,Completed,,Yes,"October 5, 2022",3 及格,经典漫威电影
赛博朋克 2077 Edgerunner,和他人,❗️❗️❗️,动画,Fun,Completed,,Yes,"September 20, 2022",5 值得再看一遍,完全达到预期，值得回味的那种剧，可惜就是有点血腥（能接受）+短（10集）
极乐死亡 - 弗朗索瓦·欧容,自己,❗️,电影,,Completed,,Yes,"September 20, 2022",3 及格,谜之短片
胆量与实话 - 弗朗索瓦·欧容,自己,❗️,电影,,Completed,,Yes,"September 20, 2022",3 及格,4min短片
Atlantis 迪士尼动画电影,自己,❗️❗️,电影,,Completed,,Yes,"September 17, 2022",3 及格,"蛮不错的classic disney movie,  adventure themed, love the character design, a good cliche"
VICE Special Report: A House Divided (1h),自己,❗️,纪录,,Completed,,Yes,"September 14, 2022",3 及格,a window into the American politics under the era of Obama
Universal Mind of Bill Evans,自己,❗️❗️❗️,纪录,,Completed,,Yes,"September 13, 2022",3 及格,"introduction to Bill Evans’ mind, the board idea is worth learning"
从横四海,自己,❗️❗️,电影,,Completed,,Yes,"September 11, 2022",2 难以下咽,粗制滥造的上世纪香港片
花样年华,自己,❗️❗️❗️,电影,,Completed,,Yes,"August 27, 2022",4 佳作,蛮有意思的电影，不过也没有那么“神作”，梁朝伟好像没那么帅了，张曼玉也不是很好看，王家卫还是那味儿
NHK山本耀司超越时空的黑色,自己,❗️❗️❗️,纪录,Serious,Completed,,Yes,"August 23, 2022",5 值得再看一遍,大师就是大师，可以学很多东西，接触大师
咩咩启示录 - 风笑全流程解说p1-p8,自己,❗️❗️❗️,实用,,Completed,,Yes,"August 22, 2022",3 及格,游戏本身短小精悍，不过感觉缺乏些内核，解说风格还可以
灵能百分百 第二季,自己,❗️❗️,动画,,Completed,,Yes,"August 22, 2022",3 及格,第一季的继承，nothing less nothing more
间谍过家家 第一季,自己,❗️❗️,动画,,Completed,,Yes,"August 22, 2022",3 及格,新颖题材前几集还很有意思，当习惯了模式之后就一般了
灵能百分百 第一季,自己,❗️❗️,动画,,Completed,,Yes,"August 20, 2022",3 及格,蛮有意思的动画，搞笑+热血。谈不上神作
Better Call Saul Season 1-6,自己,❗️❗️❗️,电视剧,Mild,Completed,,Yes,"August 18, 2022",5 值得再看一遍,"one of the best realistic drama out there. cinematoprahy, plot, character. mild fan-service of Breaking Bad. background completion of Breaking Bad characters."
绝命毒师Breaking Bad S1-S5,自己,❗️❗️❗️,电视剧,Mild,Completed,,Yes,"August 10, 2022",5 值得再看一遍,慢热剧，Drama叠加在最后爆发，人物立体体现“复调理论”，化学tribute，黑色quirky幽默
链锯人,自己,❗️❗️,漫画,Fun,Completed,,Yes,"August 8, 2022",5 值得再看一遍,顶级热血漫画，很血腥，很爽，有色气，有一点反战内核
The Rise of Gru,自己,❗️,电影,,Completed,,Yes,"August 5, 2022",1 直接退出,很无聊的电影，纯打发时间
Minions: The Rise of Guru,自己,❗️❗️,电影,,Completed,,Yes,"August 4, 2022",1 直接退出,Lackluster comparing to The Despicable Me the first movie.
Miles Ahead,自己,❗️❗️,电影,,Completed,,Yes,"July 31, 2022",3 及格,"A window to Miles Davis’ drug-addict life, a tap into jazz and montage cinematography, nothing more"
40岁处男,自己,❗️❗️,电影,,Completed,,Yes,"July 30, 2022",3 及格,老牌美国喜剧电影，众星的早期合作电影，内容本身平平淡淡
Lightyear,自己,❗️,电影,,Completed,,Yes,"July 27, 2022",1 直接退出,a terrible Pixar film that failed the IP of Toy Story
Moneyball,自己,❗️❗️,电影,,Completed,,Yes,"July 8, 2022",3 及格,Brad Pitt & Jonah Hill 感受数据的力量
Doctor Strange: Madness of the Multiverse,自己,❗️,电影,,Completed,,Yes,"July 4, 2022",1 直接退出,漫威“恐怖”电影，节奏诡异，内容劣质
高达Seed & Destiny,自己,❗️❗️,动画,,Completed,,Yes,"June 23, 2022",4 佳作,经典高达系列
Harley and Davidsons Episode 1,和他人,❗️,电视剧,,Completed,,Yes,"June 17, 2022",2 难以下咽," 哈利戴维森发家故事，剧情平平"
The Big Short,自己,❗️❗️❗️,电影,Mild,Completed,,Yes,"June 3, 2022",5 值得再看一遍,描述2008金融危机的影片，值得多次观看（学习terms之后）
攻壳机动队SAC 2045 Season 2,和他人,❗️❗️❗️,电视剧,Fun,Completed,,Yes,"May 30, 2022",5 值得再看一遍,非常好看得攻壳续作，所探讨的主题：战争、AI、经济、政治、哲学 都有很好的描述，3D作画水平超高
爱死机 Season 3,和他人,❗️❗️❗️,电视剧,,Completed,,Yes,"May 28, 2022",4 佳作,Swarm 》 Jibaro 》 Crab
攻壳机动队SAC 2045 Season 1,和他人,❗️❗️❗️,电视剧,,Completed,,Yes,"May 28, 2022",4 佳作,加州卷的metaphor
The Founder,和他人,❗️,电影,,Completed,,Yes,"May 27, 2022",3 及格,麦当劳创始人的发家故事，简单浅显的影片
新蝙蝠侠,自己,❗️❗️,电影,,Completed,,Yes,"May 15, 2022",4 佳作,很好看的蝙蝠侠，喜欢镜头和悬疑感
东京罪恶Tokyo Vice 第一季,自己,❗️❗️,电视剧,,Completed,,Yes,"May 6, 2022",4 佳作,very dramatic，喜欢笠松将
Dune,自己,❗️❗️❗️,电影,,Completed,,Yes,"May 2, 2022",4 佳作,喜爱科幻设定，需要了解背景，观感拉满
Bubble,自己,❗️❗️❗️,动画,,Completed,,Yes,"May 1, 2022",3 及格,商业动画片
驾驶我的车,自己,❗️❗️❗️,电影,,Completed,,Yes,"April 27, 2022",4 佳作,可以再次观看，重新体会
高达铁血的奥尔芬斯,自己,❗️❗️,动画,,Completed,,Yes,"April 11, 2022",4 佳作,现代高达的优良作品，剧情上有些突兀
高达MS08小队,自己,❗️❗️,动画,,Completed,,Yes,"April 8, 2022",4 佳作,“真实”的高达，丛林战
蜘蛛侠：英雄无归,自己,❗️❗️❗️,电影,,Completed,,Yes,"April 1, 2022",3 及格,3虫同框的爽
死亡诗社,自己,❗️❗️,电影,,Completed,,Yes,"March 28, 2022",4 佳作,治愈心灵
机核 Better Call Saul Podcast,自己,❗️❗️❗️,播客,,Completed,,Yes,,,
摩登家庭,自己,❗️❗️,电视剧,,Completed,,Yes,,3 及格,没看完，到后面就没那么有意思了
坂本龙一：杰作,和他人,❗️❗️❗️,纪录,Serious,Canceled,2024/05/31 院线,No,,,
恨之切爱之深,,❗️❗️❗️,漫画,,Canceled,,No,,,
庵野秀明之前的作品,,❗️❗️,电影,,Canceled,,No,,,
PsychoPass 新剧场版 Providence,,❗️,动画,,Canceled,,No,,,
古立特宇宙,,❗️❗️❗️,电影,Fun,Canceled,,Yes,"April 16, 2024",2 难以下咽,初中生开奥特曼打高达，打扰了！
四畳半神话大系,自己,❗️,动画,Mild,Canceled,,Yes,"April 14, 2024",3 及格,画风看不下去，讲的台词也很无聊
机动战士高达0080 口袋里的战争,自己,❗️,动画,Mild,Canceled,,Yes,"April 14, 2024",3 及格,画质人设看不下去，但听说视角挺好，属于高达经典
怪诞小镇Gravity Falls,自己,❗️,动画,Fun,Canceled,,Yes,"April 14, 2024",3 及格,无聊
飞跃巅峰,自己,❗️,动画,Fun,Canceled,,Yes,"April 7, 2024",3 及格,画质感人
pop子和pipi美的日常 第二季,,❗️,动画,,Canceled,,Yes,"October 9, 2022",2 难以下咽,超级独特，但是需要太多知识储备了
哥斯拉-1.0,和他人,❗️❗️,电影,Mild,Canceled,,Yes,,,
The Dark Knight,和他人,❗️,电影,Serious,Canceled,,Yes,,,
"Three Billboards Outside Ebbing, Missouri",和他人,❗️,电影,Serious,Canceled,A mother personally challenges the local authorities to solve her daughter's murder when they fail to catch the culprit.,Yes,,,
Blame！,和他人,❗️,电影,Mild,Canceled,,Yes,,,
了不起的狐狸爸爸,和他人,❗️,电影,Mild,Canceled,,Yes,,,
Eternal Sunshine of the Spotless Mind,和他人,❗️,电影,Mild,Canceled,,Yes,,,
哈利波特,和他人,❗️,电影,Mild,Canceled,,Yes,,,
Jagten （the hunt）,和他人,❗️,电影,Mild,Canceled,,Yes,,,
intouchables,和他人,❗️,电影,Mild,Canceled,,Yes,,,
the curious case of benjamin button,和他人,❗️,电影,Mild,Canceled,,Yes,,,
城市猎人,自己,❗️❗️❗️,动画,Fun,Canceled,,Yes,,,
Succession,自己,❗️❗️❗️,电视剧,Mild,Canceled,,Yes,,,
白宫风云,自己,❗️❗️❗️,电视剧,Mild,Canceled,,Yes,,,
冥王PLUTO,自己,❗️❗️❗️,漫画,Mild,Canceled,,Yes,,,
Solanin（乐与路）,自己,❗️❗️❗️,漫画,Mild,Canceled,,Yes,,,
usogi噬谎者,自己,❗️❗️❗️,漫画,Fun,Canceled,https://www.manhuagui.com/comic/4847/,Yes,,,
理解漫画,自己,❗️❗️❗️,漫画,Fun,Canceled,,Yes,,5 值得再看一遍,深入浅出，哲学+趣味性十足。全方位理解漫画
up,自己,❗️❗️,动画,Fun,Canceled,,Yes,,,
Don’s Plum,自己,❗️❗️,电影,Serious,Canceled,A group of Los Angeles teenagers meet every week at their local diner to discuss their latest misadventures in their miserable lives.,Yes,,,decaprio
Anchorman,自己,❗️❗️,电影,Fun,Canceled,,Yes,,,
银河护卫队3,自己,❗️❗️,电影,Fun,Canceled,,Yes,,,
灌篮高手,自己,❗️❗️,电影,Fun,Canceled,,Yes,,,
合金男爵,自己,❗️❗️,漫画,Mild,Canceled,,Yes,,,
全都因为爱all my darling daughters,自己,❗️❗️,漫画,Fun,Canceled,,Yes,,,
Ultra Heaven,自己,❗️❗️,漫画,Fun,Canceled,,Yes,,,
哥普拉,自己,❗️❗️,漫画,Fun,Canceled,,Yes,,,
废渊战鬼,自己,❗️❗️,漫画,Fun,Canceled,,Yes,,,
猫眼三姐妹,自己,❗️❗️,漫画,Fun,Canceled,,Yes,,,
游戏的人,自己,❗️❗️,书,Serious,Canceled,,Yes,,,
Scott Pilgrim,自己,❗️,动画,Fun,Canceled,,Yes,,,
GANTZ: O,自己,❗️,动画,Fun,Canceled,,Yes,,,
高达W,自己,❗️,动画,Fun,Canceled,,Yes,,3 及格,
Ray,自己,❗️,电影,Mild,Canceled,,Yes,,,
John Wick1-4,自己,❗️,电影,Fun,Canceled,,Yes,,,
The Patient,自己,❗️,电视剧,Fun,Canceled,,Yes,,,
攻壳机动队,自己,❗️,漫画,Serious,Canceled,,Yes,,,
希德尼娅的骑士,自己,❗️,漫画,Mild,Canceled,,Yes,,,
十字架的六人（连载中）,自己,❗️,漫画,Fun,Canceled,,Yes,,2 难以下咽,比较猎奇吧…实质很无聊且暴力…
Buzzy Noise,自己,❗️,漫画,Fun,Canceled,,Yes,,,
非平面unflattening,自己,❗️,漫画,,Canceled,,Yes,,,
"Secret Comics Japan：
Underground Comics Now",自己,❗️,漫画,,Canceled,,Yes,,,
控制论,自己,❗️,书,Serious,Canceled,,Yes,,,
Brain Structure 小岛秀夫 Podcast,自己,❗️,播客,Serious,Canceled,,Yes,,,
妄想代理人,,❗️❗️❗️,动画,Serious,Canceled, https://www.google.com.hk/search?newwindow=1&sca_esv=582ec9845e97149d&q=%E4%BB%8A%E6%95%8F&si=AKbGX_oBDfquzodaRrfbb9img4kPQ4fCBZjeqAiaW1svvC8uXpNQR3YCWN29EISXGHmmGsoXtswpiK0r-B1A1FUevDsljq1QKr3ZX5IExo3yBgNErOrxNkteXCFiN1H7MJQEJ6Tgw1FDpXeCHaiz-XQSEBWap21udtbmeb0bRDcT0eSM3Og6sfr_2S4pt5AkHTdF_N9W5LKV6e-2P3uQEdmesaDiNIGv_K4kBD-dS_AziOPDN-Nq0_Loa1uVLWKnZq0Qxc9V9O2C&sa=X&ved=2ahUKEwjgu9KTz8aFAxWL4skDHYBMC0cQmxMoAHoECBkQAg,Yes,,,
死亡代理人,,❗️❗️❗️,动画,Mild,Canceled,,Yes,,3.5 挺新的,所探讨的内容应该挺深入的，但是画面过于黑暗压抑，有点看不了
无限的未知,,❗️❗️❗️,动画,Mild,Canceled,感觉不错啊，https://www.carousell.com.hk/p/%E5%B9%B3%E4%BA%95%E4%B9%85%E5%8F%B8-%E7%95%AB%E9%9B%861-hisashi-hirai-illustration-works-%E6%8F%92%E7%95%AB%E9%9B%86-%E6%A9%9F%E5%8B%95%E6%88%B0%E5%A3%AB-mobile-suit-gundam-seed-%E7%89%B9%E7%A8%AE%E8%A8%88%E5%8A%83-%E9%AB%98%E9%81%94-freedom-justice-%E5%9F%BA%E6%8B%89-kira-%E6%8B%89%E5%85%8B%E7%B5%B2-lacus-%E9%98%BF%E6%96%AF%E8%98%AD-athrun-%E5%8D%A1%E5%8A%A0%E8%8E%89-%E5%8D%A1%E5%98%89%E8%8E%89-cagalli-s-cry-ed-infinite-ryvius-wild-knights-gulkeeva-1145748871/（高达seed）人设,Yes,,,感觉偏偶像剧了，婆婆妈妈，画风古早，看了一集但追不下去
JOJO的奇妙冒险,,❗️❗️❗️,动画,Fun,Canceled,,Yes,,,
死亡代理人,,❗️❗️❗️,动画,,Canceled,,Yes,,,
龙与魔女,,❗️❗️❗️,动画,,Canceled,,Yes,,,
contact,,❗️❗️❗️,电影,Serious,Canceled,,Yes,,,
Corner Office,,❗️❗️❗️,电影,Mild,Canceled,,Yes,,,
Wonka,,❗️❗️❗️,电影,Fun,Canceled,,Yes,,,
pain and glory,,❗️❗️❗️,电影,,Canceled,,Yes,,,
首尔之春,,❗️❗️❗️,电影,,Canceled,,Yes,,,
蒸汽男孩,,❗️❗️❗️,电影,,Canceled,,Yes,,,
政坛混战,,❗️❗️❗️,电影,,Canceled,,Yes,,,
黑镜season6,,❗️❗️❗️,电视剧,Mild,Canceled,,Yes,,,
hideo kojima - connecting worlds,,❗️❗️❗️,纪录,Mild,Canceled,,Yes,,,
怪物Monster,,❗️❗️,动画,Serious,Canceled,浦泽直树,Yes,,,https://www.bilibili.com/video/BV14b411x7FQ/
机魂末世录Texhnolyze,,❗️❗️,动画,Mild,Canceled,,Yes,,,
大剑,,❗️❗️,动画,Mild,Canceled,,Yes,,,
壳中少女,,❗️❗️,动画,Mild,Canceled,,Yes,,,
夏娃的时间,,❗️❗️,动画,Mild,Canceled,,Yes,,,作画比较怪
BECK 摇滚新乐团,,❗️❗️,动画,Mild,Canceled,,Yes,,,作画怪
星空清理者,,❗️❗️,动画,Fun,Canceled,搞笑剧,Yes,,,https://www.bilibili.com/bangumi/media/md1996
咒术回战,,❗️❗️,动画,Fun,Canceled,,Yes,,,
高达Z,,❗️❗️,动画,,Canceled,,Yes,,,
新、福星小子,,❗️❗️,动画,,Canceled,,Yes,,,
蓝色监狱,,❗️❗️,动画,,Canceled,,Yes,,4 佳作,
pop子和pipi美的日常 第一季,,❗️❗️,动画,,Canceled,,Yes,,,
灵能百分百 第三季,,❗️❗️,动画,,Canceled,,Yes,,,
夏日重现,,❗️❗️,动画,,Canceled,,Yes,,,
犬王 - 汤浅政明,,❗️❗️,动画,,Canceled,,Yes,,,
Saving Private Ryan,,❗️❗️,电影,Serious,Canceled,,Yes,,,
https://en.wikipedia.org/wiki/The_Purple_Rose_of_Cairo,,❗️❗️,电影,Mild,Canceled,"In 1935 New Jersey, a movie character walks off the screen and into the real world.",Yes,,,wody allen
Anchorman 2,,❗️❗️,电影,Fun,Canceled,,Yes,,,
Stillwater,,❗️❗️,电影,,Canceled,,Yes,,,
无问西东,,❗️❗️,电影,,Canceled,,Yes,,,
Maniac,,❗️❗️,电视剧,Mild,Canceled,,Yes,,,
Blame！,,❗️❗️,漫画,,Canceled,,Yes,,5 值得再看一遍,
伊藤润二系列,,❗️❗️,漫画,,Canceled,,Yes,,,
青春巧克力,,❗️❗️,漫画,,Canceled,,Yes,,4 佳作,
攻壳机动队,,❗️❗️,漫画,,Canceled,,Yes,,,
Disney Illusion Island,,❗️❗️,游戏,Fun,Canceled,,Yes,,,
星之卡比 全收集解说,,❗️❗️,游戏,,Canceled,,Yes,,3 及格,
How to Learn Everything about Maison Margiela,,❗️❗️,纪录,,Canceled,,Yes,,,
如何最快速的刷题 - Edward Shi,,❗️❗️,实用,,Canceled,,Yes,,,
Deep Learning for Fashion & Beauty - Serena VC,,❗️❗️,实用,,Canceled,,Yes,,,
The science of preserving sight - Joshua Chu-Tan TED,,❗️❗️,实用,,Canceled,,Yes,,,
How to Grieve - Coping With Death - HealthyGamerGG,,❗️❗️,实用,,Canceled,,Yes,,,
CS50 and Quora: Prep and Practice for Tech Interview,,❗️❗️,实用,,Canceled,,Yes,,,
ex Goldman Sachs Trader Tells Truth - InstituteofTrading,,❗️❗️,实用,,Canceled,,Yes,,,
原罪的卡辛,,❗️,动画,Mild,Canceled,有点迷,Yes,,,
天国大魔境,,❗️,动画,Mild,Canceled,,Yes,,,
苍穹之法芙娜,,❗️,动画,Fun,Canceled,,Yes,,,
勇敢传说,,❗️,动画,Fun,Canceled,,Yes,,,
萤火虫之墓,,❗️,动画,,Canceled,,Yes,,,
月色真美,,❗️,动画,,Canceled,,Yes,,,
命运石之门0,,❗️,动画,,Canceled,,Yes,,,
叛逆的鲁鲁修 第一季,,❗️,动画,,Canceled,,Yes,,,
命运石之门,,❗️,动画,,Canceled,,Yes,,,
叛逆的鲁鲁修 第二季,,❗️,动画,,Canceled,,Yes,,,
让我听到爱的歌声,,❗️,动画,,Canceled,,Yes,,,
夏日幽灵,,❗️,动画,,Canceled,,Yes,,,
朋友游戏,,❗️,动画,,Canceled,,Yes,,,
鲁邦三世 part 6,,❗️,动画,,Canceled,,Yes,,,
城市猎人,,❗️,动画,,Canceled,,Yes,,,
天元突破,,❗️,动画,,Canceled,,Yes,,,
高达Reconguista in G,,❗️,动画,,Canceled,,Yes,,,
超时空要塞Macross,,❗️,动画,,Canceled,,Yes,,,
Cuphead,,❗️,动画,,Canceled,,Yes,,2 难以下咽,
机动警察Patlabor,,❗️,动画,,Canceled,,Yes,,,
1917,,❗️,电影,Serious,Canceled,,Yes,,,
七武士,,❗️,电影,Serious,Canceled,,Yes,,,
Batman Trilogy,,❗️,电影,Serious,Canceled,,Yes,,,
The Power of the Dog,,❗️,电影,Serious,Canceled,,Yes,,,
海边的曼彻斯特,,❗️,电影,Serious,Canceled,,Yes,,,
至暗时刻,,❗️,电影,Serious,Canceled,,Yes,,,
A Man Called Otto,,❗️,电影,Mild,Canceled,,Yes,,,
周星驰电影,,❗️,电影,Mild,Canceled,,Yes,,,
Gone Girl,,❗️,电影,Fun,Canceled,,Yes,,,
漂流家园,,❗️,电影,Fun,Canceled,,Yes,,,
Enchanto,,❗️,电影,Fun,Canceled,,Yes,,,
黑客帝国,,❗️,电影,Fun,Canceled,,Yes,,,
Judge Dredd特警判官,,❗️,电影,Fun,Canceled,,Yes,,,
阿凡达2:水之道,,❗️,电影,,Canceled,,Yes,,,
Ticket to Paradise,,❗️,电影,,Canceled,,Yes,,,
多伦多来的男人,,❗️,电影,,Canceled,,Yes,,,
Everything Everywhere All at Once,,❗️,电影,,Canceled,,Yes,,2 难以下咽,
Top Gun: Maverick,,❗️,电影,,Canceled,,Yes,,,
无垠太空,,❗️,电视剧,Fun,Canceled,,Yes,,,
悠长假期,,❗️,电视剧,,Canceled,,Yes,,,
NANA-世界上的另一个我,,❗️,漫画,,Canceled,,Yes,,2 难以下咽,少女漫画，文字量很多，看了几页看不下去了
白金终局,,❗️,漫画,,Canceled,,Yes,,,
一拳超人,,❗️,漫画,,Canceled,,Yes,,,
人生七年,,❗️,纪录,Serious,Canceled,,Yes,,,
算命 - 徐童,,❗️,纪录,Serious,Canceled,,Yes,,,
一百年很长吗,,❗️,纪录,Serious,Canceled,,Yes,,,
The secret step-by-step Guide for hacking- LiveOverflow,,❗️,纪录,,Canceled,,Yes,,,
The War in Ukraine Could change Everything - TED,,❗️,纪录,,Canceled,,Yes,,,
Human Sexual Behavior 1 - Stanford,,❗️,实用,,Canceled,,Yes,,,
Yohji Yamamoto 完全解剖 - 日文,,❗️,实用,,Canceled,,Yes,,,
How to Invest with Data Science - Derek Banas,,❗️,实用,,Canceled,,Yes,,,